{
  "project_info": {
    "project_number": "990142246530",
    "firebase_url": "https://aplikasi-firebase-dcd41.firebaseio.com",
    "project_id": "aplikasi-firebase-dcd41",
    "storage_bucket": "aplikasi-firebase-dcd41.appspot.com"
  },
  "client": [
    {
      "client_info": {
        "mobilesdk_app_id": "1:990142246530:android:e99ae01e555f1e99458e9b",
        "android_client_info": {
          "package_name": "com.rahmananda.aplikasifirebase"
        }
      },
      "oauth_client": [
        {
          "client_id": "990142246530-qu3toumjtlc3ngriu585qsth84cdvl8i.apps.googleusercontent.com",
          "client_type": 1,
          "android_info": {
            "package_name": "com.rahmananda.aplikasifirebase",
            "certificate_hash": "74d928affb4860dfc790955201a09a9f2e7ab44d"
          }
        },
        {
          "client_id": "990142246530-urce7qtq2l89qf98uuoog8i8lnt3kehg.apps.googleusercontent.com",
          "client_type": 3
        }
      ],
      "api_key": [
        {
          "current_key": "AIzaSyBTBU7GfpMq9gRr1MpSiEXa3qvx1C6nqrU"
        }
      ],
      "services": {
        "appinvite_service": {
          "other_platform_oauth_client": [
            {
              "client_id": "990142246530-urce7qtq2l89qf98uuoog8i8lnt3kehg.apps.googleusercontent.com",
              "client_type": 3
            }
          ]
        }
      }
    }
  ],
  "configuration_version": "1"
}